"sites","forecast_horizon","calibration_time","repeats","savename","random_dates"
"9",28,90,10,"substate_estimates/site_9",2023-01-29
"9",28,90,10,"substate_estimates/site_9",2023-03-30
"9",28,90,10,"substate_estimates/site_9",2022-11-22
"9",28,90,10,"substate_estimates/site_9",2023-01-19
"9",28,90,10,"substate_estimates/site_9",2023-02-24
"9",28,90,10,"substate_estimates/site_9",2023-02-10
"9",28,90,10,"substate_estimates/site_9",2023-01-18
"9",28,90,10,"substate_estimates/site_9",2023-01-11
"9",28,90,10,"substate_estimates/site_9",2023-03-09
"9",28,90,10,"substate_estimates/site_9",2022-12-30
